DELETE FROM `mangos`.`creature` WHERE  `id`=13676;
DELETE FROM `mangos`.`creature` WHERE  `id`=13618;

DELETE FROM `creature_template` WHERE `Entry`=13531;
INSERT INTO `creature_template` (`Entry`, `Name`, `SubName`, `MinLevel`, `MaxLevel`, `ModelId1`, `ModelId2`, `ModelId3`, `ModelId4`, `FactionAlliance`, `FactionHorde`, `Scale`, `Family`, `CreatureType`, `InhabitType`, `RegenerateStats`, `RacialLeader`, `NpcFlags`, `UnitFlags`, `DynamicFlags`, `ExtraFlags`, `CreatureTypeFlags`, `SpeedWalk`, `SpeedRun`, `UnitClass`, `Rank`, `HealthMultiplier`, `PowerMultiplier`, `DamageMultiplier`, `DamageVariance`, `ArmorMultiplier`, `ExperienceMultiplier`, `MinLevelHealth`, `MaxLevelHealth`, `MinLevelMana`, `MaxLevelMana`, `MinMeleeDmg`, `MaxMeleeDmg`, `MinRangedDmg`, `MaxRangedDmg`, `Armor`, `MeleeAttackPower`, `RangedAttackPower`, `MeleeBaseAttackTime`, `RangedBaseAttackTime`, `DamageSchool`, `MinLootGold`, `MaxLootGold`, `LootId`, `PickpocketLootId`, `SkinningLootId`, `KillCredit1`, `KillCredit2`, `MechanicImmuneMask`, `SchoolImmuneMask`, `ResistanceHoly`, `ResistanceFire`, `ResistanceNature`, `ResistanceFrost`, `ResistanceShadow`, `ResistanceArcane`, `PetSpellDataId`, `MovementType`, `TrainerType`, `TrainerSpell`, `TrainerClass`, `TrainerRace`, `TrainerTemplateId`, `VendorTemplateId`, `GossipMenuId`, `EquipmentTemplateId`, `Civilian`, `AIName`, `ScriptName`) VALUES (13531, 'Champion Reaver', NULL, 61, 61, 13837, 0, 0, 0, 1214, 1214, 0, 0, 7, 3, 3, 0, 2, 32768, 0, 0, 0, 1.33, 1.33, 1, 1, 1, 1, 1, 1, -1, 1, 12121, 12121, 0, 0, 585, 754, 62.248, 85.591, 4091, 309, 100, 1141, 1255, 0, 1, 900, 13531, 0, 0, 0, 0, 0, 0, 0, 0, 0, 0, 0, 0, 0, 0, 0, 0, 0, 0, 0, 0, 0, 13531, 0, '', '');
DELETE FROM `creature_template` WHERE `Entry`=13530;
INSERT INTO `creature_template` (`Entry`, `Name`, `SubName`, `MinLevel`, `MaxLevel`, `ModelId1`, `ModelId2`, `ModelId3`, `ModelId4`, `FactionAlliance`, `FactionHorde`, `Scale`, `Family`, `CreatureType`, `InhabitType`, `RegenerateStats`, `RacialLeader`, `NpcFlags`, `UnitFlags`, `DynamicFlags`, `ExtraFlags`, `CreatureTypeFlags`, `SpeedWalk`, `SpeedRun`, `UnitClass`, `Rank`, `HealthMultiplier`, `PowerMultiplier`, `DamageMultiplier`, `DamageVariance`, `ArmorMultiplier`, `ExperienceMultiplier`, `MinLevelHealth`, `MaxLevelHealth`, `MinLevelMana`, `MaxLevelMana`, `MinMeleeDmg`, `MaxMeleeDmg`, `MinRangedDmg`, `MaxRangedDmg`, `Armor`, `MeleeAttackPower`, `RangedAttackPower`, `MeleeBaseAttackTime`, `RangedBaseAttackTime`, `DamageSchool`, `MinLootGold`, `MaxLootGold`, `LootId`, `PickpocketLootId`, `SkinningLootId`, `KillCredit1`, `KillCredit2`, `MechanicImmuneMask`, `SchoolImmuneMask`, `ResistanceHoly`, `ResistanceFire`, `ResistanceNature`, `ResistanceFrost`, `ResistanceShadow`, `ResistanceArcane`, `PetSpellDataId`, `MovementType`, `TrainerType`, `TrainerSpell`, `TrainerClass`, `TrainerRace`, `TrainerTemplateId`, `VendorTemplateId`, `GossipMenuId`, `EquipmentTemplateId`, `Civilian`, `AIName`, `ScriptName`) VALUES (13530, 'Veteran Reaver', NULL, 60, 60, 13825, 0, 0, 0, 1214, 1214, 0, 0, 7, 3, 3, 0, 0, 32768, 0, 0, 0, 1.33, 1.33, 1, 1, 1, 1, 1, 1, -1, 1, 11672, 11672, 0, 0, 571, 737, 61.732, 84.8815, 3791, 302, 100, 1150, 1265, 0, 168, 838, 13530, 0, 0, 0, 0, 0, 0, 0, 0, 0, 0, 0, 0, 0, 0, 0, 0, 0, 0, 0, 0, 0, 13530, 0, '', '');
DELETE FROM `creature_template` WHERE `Entry`=13529;
INSERT INTO `creature_template` (`Entry`, `Name`, `SubName`, `MinLevel`, `MaxLevel`, `ModelId1`, `ModelId2`, `ModelId3`, `ModelId4`, `FactionAlliance`, `FactionHorde`, `Scale`, `Family`, `CreatureType`, `InhabitType`, `RegenerateStats`, `RacialLeader`, `NpcFlags`, `UnitFlags`, `DynamicFlags`, `ExtraFlags`, `CreatureTypeFlags`, `SpeedWalk`, `SpeedRun`, `UnitClass`, `Rank`, `HealthMultiplier`, `PowerMultiplier`, `DamageMultiplier`, `DamageVariance`, `ArmorMultiplier`, `ExperienceMultiplier`, `MinLevelHealth`, `MaxLevelHealth`, `MinLevelMana`, `MaxLevelMana`, `MinMeleeDmg`, `MaxMeleeDmg`, `MinRangedDmg`, `MaxRangedDmg`, `Armor`, `MeleeAttackPower`, `RangedAttackPower`, `MeleeBaseAttackTime`, `RangedBaseAttackTime`, `DamageSchool`, `MinLootGold`, `MaxLootGold`, `LootId`, `PickpocketLootId`, `SkinningLootId`, `KillCredit1`, `KillCredit2`, `MechanicImmuneMask`, `SchoolImmuneMask`, `ResistanceHoly`, `ResistanceFire`, `ResistanceNature`, `ResistanceFrost`, `ResistanceShadow`, `ResistanceArcane`, `PetSpellDataId`, `MovementType`, `TrainerType`, `TrainerSpell`, `TrainerClass`, `TrainerRace`, `TrainerTemplateId`, `VendorTemplateId`, `GossipMenuId`, `EquipmentTemplateId`, `Civilian`, `AIName`, `ScriptName`) VALUES (13529, 'Seasoned Reaver', NULL, 59, 59, 13813, 0, 0, 0, 1214, 1214, 0, 0, 7, 3, 3, 0, 0, 32768, 0, 0, 0, 1.33, 1.33, 1, 1, 1, 1, 1, 1, -1, 1, 11524, 11524, 0, 0, 361, 467, 60.5576, 83.2667, 3489, 191, 100, 1166, 1283, 0, 157, 786, 13529, 0, 0, 0, 0, 0, 0, 0, 0, 0, 0, 0, 0, 0, 0, 0, 0, 0, 0, 0, 0, 0, 13529, 0, '', '');
DELETE FROM `creature_template` WHERE `Entry`=13528;
INSERT INTO `creature_template` (`Entry`, `Name`, `SubName`, `MinLevel`, `MaxLevel`, `ModelId1`, `ModelId2`, `ModelId3`, `ModelId4`, `FactionAlliance`, `FactionHorde`, `Scale`, `Family`, `CreatureType`, `InhabitType`, `RegenerateStats`, `RacialLeader`, `NpcFlags`, `UnitFlags`, `DynamicFlags`, `ExtraFlags`, `CreatureTypeFlags`, `SpeedWalk`, `SpeedRun`, `UnitClass`, `Rank`, `HealthMultiplier`, `PowerMultiplier`, `DamageMultiplier`, `DamageVariance`, `ArmorMultiplier`, `ExperienceMultiplier`, `MinLevelHealth`, `MaxLevelHealth`, `MinLevelMana`, `MaxLevelMana`, `MinMeleeDmg`, `MaxMeleeDmg`, `MinRangedDmg`, `MaxRangedDmg`, `Armor`, `MeleeAttackPower`, `RangedAttackPower`, `MeleeBaseAttackTime`, `RangedBaseAttackTime`, `DamageSchool`, `MinLootGold`, `MaxLootGold`, `LootId`, `PickpocketLootId`, `SkinningLootId`, `KillCredit1`, `KillCredit2`, `MechanicImmuneMask`, `SchoolImmuneMask`, `ResistanceHoly`, `ResistanceFire`, `ResistanceNature`, `ResistanceFrost`, `ResistanceShadow`, `ResistanceArcane`, `PetSpellDataId`, `MovementType`, `TrainerType`, `TrainerSpell`, `TrainerClass`, `TrainerRace`, `TrainerTemplateId`, `VendorTemplateId`, `GossipMenuId`, `EquipmentTemplateId`, `Civilian`, `AIName`, `ScriptName`) VALUES (13528, 'Frostwolf Reaver', NULL, 58, 58, 13809, 0, 0, 0, 1214, 1214, 0, 0, 7, 3, 3, 0, 0, 32768, 0, 0, 0, 1.33, 1.33, 1, 1, 1, 1, 1, 1, -1, 1, 9563, 9563, 0, 0, 361, 467, 60.5576, 83.2667, 3489, 191, 100, 1166, 1283, 0, 157, 786, 13528, 0, 0, 0, 0, 0, 0, 0, 0, 0, 0, 0, 0, 0, 0, 0, 0, 0, 0, 0, 0, 0, 13528, 0, '', '');
DELETE FROM `creature_template` WHERE `Entry`=13527;
INSERT INTO `creature_template` (`Entry`, `Name`, `SubName`, `MinLevel`, `MaxLevel`, `ModelId1`, `ModelId2`, `ModelId3`, `ModelId4`, `FactionAlliance`, `FactionHorde`, `Scale`, `Family`, `CreatureType`, `InhabitType`, `RegenerateStats`, `RacialLeader`, `NpcFlags`, `UnitFlags`, `DynamicFlags`, `ExtraFlags`, `CreatureTypeFlags`, `SpeedWalk`, `SpeedRun`, `UnitClass`, `Rank`, `HealthMultiplier`, `PowerMultiplier`, `DamageMultiplier`, `DamageVariance`, `ArmorMultiplier`, `ExperienceMultiplier`, `MinLevelHealth`, `MaxLevelHealth`, `MinLevelMana`, `MaxLevelMana`, `MinMeleeDmg`, `MaxMeleeDmg`, `MinRangedDmg`, `MaxRangedDmg`, `Armor`, `MeleeAttackPower`, `RangedAttackPower`, `MeleeBaseAttackTime`, `RangedBaseAttackTime`, `DamageSchool`, `MinLootGold`, `MaxLootGold`, `LootId`, `PickpocketLootId`, `SkinningLootId`, `KillCredit1`, `KillCredit2`, `MechanicImmuneMask`, `SchoolImmuneMask`, `ResistanceHoly`, `ResistanceFire`, `ResistanceNature`, `ResistanceFrost`, `ResistanceShadow`, `ResistanceArcane`, `PetSpellDataId`, `MovementType`, `TrainerType`, `TrainerSpell`, `TrainerClass`, `TrainerRace`, `TrainerTemplateId`, `VendorTemplateId`, `GossipMenuId`, `EquipmentTemplateId`, `Civilian`, `AIName`, `ScriptName`) VALUES (13527, 'Champion Commando', NULL, 61, 61, 13650, 0, 0, 0, 1216, 1216, 0, 0, 7, 3, 3, 0, 0, 32768, 0, 0, 0, 1.33, 1.33, 1, 1, 1, 1, 1, 1, -1, 1, 11646, 11646, 0, 0, 559, 720, 61.152, 84.084, 4091, 295, 100, 1158, 1274, 0, 162, 812, 13527, 0, 0, 0, 0, 0, 0, 0, 0, 0, 0, 0, 0, 0, 0, 0, 0, 0, 0, 0, 0, 0, 13527, 0, '', '');
DELETE FROM `creature_template` WHERE `Entry`=13526;
INSERT INTO `creature_template` (`Entry`, `Name`, `SubName`, `MinLevel`, `MaxLevel`, `ModelId1`, `ModelId2`, `ModelId3`, `ModelId4`, `FactionAlliance`, `FactionHorde`, `Scale`, `Family`, `CreatureType`, `InhabitType`, `RegenerateStats`, `RacialLeader`, `NpcFlags`, `UnitFlags`, `DynamicFlags`, `ExtraFlags`, `CreatureTypeFlags`, `SpeedWalk`, `SpeedRun`, `UnitClass`, `Rank`, `HealthMultiplier`, `PowerMultiplier`, `DamageMultiplier`, `DamageVariance`, `ArmorMultiplier`, `ExperienceMultiplier`, `MinLevelHealth`, `MaxLevelHealth`, `MinLevelMana`, `MaxLevelMana`, `MinMeleeDmg`, `MaxMeleeDmg`, `MinRangedDmg`, `MaxRangedDmg`, `Armor`, `MeleeAttackPower`, `RangedAttackPower`, `MeleeBaseAttackTime`, `RangedBaseAttackTime`, `DamageSchool`, `MinLootGold`, `MaxLootGold`, `LootId`, `PickpocketLootId`, `SkinningLootId`, `KillCredit1`, `KillCredit2`, `MechanicImmuneMask`, `SchoolImmuneMask`, `ResistanceHoly`, `ResistanceFire`, `ResistanceNature`, `ResistanceFrost`, `ResistanceShadow`, `ResistanceArcane`, `PetSpellDataId`, `MovementType`, `TrainerType`, `TrainerSpell`, `TrainerClass`, `TrainerRace`, `TrainerTemplateId`, `VendorTemplateId`, `GossipMenuId`, `EquipmentTemplateId`, `Civilian`, `AIName`, `ScriptName`) VALUES (13526, 'Veteran Commando', NULL, 60, 60, 13658, 0, 0, 0, 1216, 1216, 0, 0, 7, 3, 3, 0, 0, 32768, 0, 0, 0, 1.33, 1.33, 1, 1, 1, 1, 1, 1, -1, 1, 12526, 12526, 0, 0, 528, 681, 59.9488, 82.4296, 3791, 279, 100, 1175, 1292, 0, 152, 761, 13526, 0, 0, 0, 0, 0, 0, 0, 0, 0, 0, 0, 0, 0, 0, 0, 0, 0, 0, 0, 0, 0, 13526, 0, '', '');
DELETE FROM `creature_template` WHERE `Entry`=13525;
INSERT INTO `creature_template` (`Entry`, `Name`, `SubName`, `MinLevel`, `MaxLevel`, `ModelId1`, `ModelId2`, `ModelId3`, `ModelId4`, `FactionAlliance`, `FactionHorde`, `Scale`, `Family`, `CreatureType`, `InhabitType`, `RegenerateStats`, `RacialLeader`, `NpcFlags`, `UnitFlags`, `DynamicFlags`, `ExtraFlags`, `CreatureTypeFlags`, `SpeedWalk`, `SpeedRun`, `UnitClass`, `Rank`, `HealthMultiplier`, `PowerMultiplier`, `DamageMultiplier`, `DamageVariance`, `ArmorMultiplier`, `ExperienceMultiplier`, `MinLevelHealth`, `MaxLevelHealth`, `MinLevelMana`, `MaxLevelMana`, `MinMeleeDmg`, `MaxMeleeDmg`, `MinRangedDmg`, `MaxRangedDmg`, `Armor`, `MeleeAttackPower`, `RangedAttackPower`, `MeleeBaseAttackTime`, `RangedBaseAttackTime`, `DamageSchool`, `MinLootGold`, `MaxLootGold`, `LootId`, `PickpocketLootId`, `SkinningLootId`, `KillCredit1`, `KillCredit2`, `MechanicImmuneMask`, `SchoolImmuneMask`, `ResistanceHoly`, `ResistanceFire`, `ResistanceNature`, `ResistanceFrost`, `ResistanceShadow`, `ResistanceArcane`, `PetSpellDataId`, `MovementType`, `TrainerType`, `TrainerSpell`, `TrainerClass`, `TrainerRace`, `TrainerTemplateId`, `VendorTemplateId`, `GossipMenuId`, `EquipmentTemplateId`, `Civilian`, `AIName`, `ScriptName`) VALUES (13525, 'Seasoned Commando', NULL, 59, 59, 13654, 0, 0, 0, 1216, 1216, 0, 0, 7, 3, 3, 0, 0, 32768, 0, 0, 0, 1.33, 1.33, 1, 1, 1, 1, 1, 1, -1, 1, 11768, 11768, 0, 0, 372, 479, 61.152, 84.084, 3489, 196, 100, 1158, 1274, 0, 162, 812, 13525, 0, 0, 0, 0, 1, 0, 0, 0, 0, 0, 0, 0, 0, 1, 0, 0, 0, 0, 0, 0, 0, 13525, 0, '', '');
DELETE FROM `creature_template` WHERE `Entry`=13524;
INSERT INTO `creature_template` (`Entry`, `Name`, `SubName`, `MinLevel`, `MaxLevel`, `ModelId1`, `ModelId2`, `ModelId3`, `ModelId4`, `FactionAlliance`, `FactionHorde`, `Scale`, `Family`, `CreatureType`, `InhabitType`, `RegenerateStats`, `RacialLeader`, `NpcFlags`, `UnitFlags`, `DynamicFlags`, `ExtraFlags`, `CreatureTypeFlags`, `SpeedWalk`, `SpeedRun`, `UnitClass`, `Rank`, `HealthMultiplier`, `PowerMultiplier`, `DamageMultiplier`, `DamageVariance`, `ArmorMultiplier`, `ExperienceMultiplier`, `MinLevelHealth`, `MaxLevelHealth`, `MinLevelMana`, `MaxLevelMana`, `MinMeleeDmg`, `MaxMeleeDmg`, `MinRangedDmg`, `MaxRangedDmg`, `Armor`, `MeleeAttackPower`, `RangedAttackPower`, `MeleeBaseAttackTime`, `RangedBaseAttackTime`, `DamageSchool`, `MinLootGold`, `MaxLootGold`, `LootId`, `PickpocketLootId`, `SkinningLootId`, `KillCredit1`, `KillCredit2`, `MechanicImmuneMask`, `SchoolImmuneMask`, `ResistanceHoly`, `ResistanceFire`, `ResistanceNature`, `ResistanceFrost`, `ResistanceShadow`, `ResistanceArcane`, `PetSpellDataId`, `MovementType`, `TrainerType`, `TrainerSpell`, `TrainerClass`, `TrainerRace`, `TrainerTemplateId`, `VendorTemplateId`, `GossipMenuId`, `EquipmentTemplateId`, `Civilian`, `AIName`, `ScriptName`) VALUES (13524, 'Stormpike Commando', NULL, 58, 58, 13645, 0, 0, 0, 1216, 1216, 0, 0, 7, 3, 3, 0, 0, 32768, 0, 0, 0, 1.33, 1.33, 1, 1, 1, 1, 1, 1, -1, 1, 8774, 8774, 0, 0, 335, 432, 58.688, 80.696, 3327, 177, 100, 1191, 1310, 0, 143, 713, 13524, 0, 0, 0, 0, 0, 0, 0, 0, 0, 0, 0, 0, 0, 0, 0, 0, 0, 0, 0, 0, 0, 13524, 0, '', '');
DELETE FROM `creature_template` WHERE `Entry`=13449;
INSERT INTO `creature_template` (`Entry`, `Name`, `SubName`, `MinLevel`, `MaxLevel`, `ModelId1`, `ModelId2`, `ModelId3`, `ModelId4`, `FactionAlliance`, `FactionHorde`, `Scale`, `Family`, `CreatureType`, `InhabitType`, `RegenerateStats`, `RacialLeader`, `NpcFlags`, `UnitFlags`, `DynamicFlags`, `ExtraFlags`, `CreatureTypeFlags`, `SpeedWalk`, `SpeedRun`, `UnitClass`, `Rank`, `HealthMultiplier`, `PowerMultiplier`, `DamageMultiplier`, `DamageVariance`, `ArmorMultiplier`, `ExperienceMultiplier`, `MinLevelHealth`, `MaxLevelHealth`, `MinLevelMana`, `MaxLevelMana`, `MinMeleeDmg`, `MaxMeleeDmg`, `MinRangedDmg`, `MaxRangedDmg`, `Armor`, `MeleeAttackPower`, `RangedAttackPower`, `MeleeBaseAttackTime`, `RangedBaseAttackTime`, `DamageSchool`, `MinLootGold`, `MaxLootGold`, `LootId`, `PickpocketLootId`, `SkinningLootId`, `KillCredit1`, `KillCredit2`, `MechanicImmuneMask`, `SchoolImmuneMask`, `ResistanceHoly`, `ResistanceFire`, `ResistanceNature`, `ResistanceFrost`, `ResistanceShadow`, `ResistanceArcane`, `PetSpellDataId`, `MovementType`, `TrainerType`, `TrainerSpell`, `TrainerClass`, `TrainerRace`, `TrainerTemplateId`, `VendorTemplateId`, `GossipMenuId`, `EquipmentTemplateId`, `Civilian`, `AIName`, `ScriptName`) VALUES (13449, 'Warmaster Garrick', NULL, 61, 61, 13842, 0, 0, 0, 1214, 1214, 0, 0, 7, 3, 3, 0, 2, 32768, 0, 0, 0, 1, 1.33, 1, 1, 1, 1, 1, 1, -1, 1, 16176, 16176, 0, 0, 380, 491, 61.732, 84.8815, 4091, 201, 100, 1150, 1265, 0, 1, 858, 13449, 0, 0, 0, 0, 0, 0, 0, 0, 0, 0, 0, 0, 0, 0, 0, 0, 0, 0, 0, 0, 0, 13449, 0, '', 'npc_garrick');
DELETE FROM `creature_template` WHERE `Entry`=13448;
INSERT INTO `creature_template` (`Entry`, `Name`, `SubName`, `MinLevel`, `MaxLevel`, `ModelId1`, `ModelId2`, `ModelId3`, `ModelId4`, `FactionAlliance`, `FactionHorde`, `Scale`, `Family`, `CreatureType`, `InhabitType`, `RegenerateStats`, `RacialLeader`, `NpcFlags`, `UnitFlags`, `DynamicFlags`, `ExtraFlags`, `CreatureTypeFlags`, `SpeedWalk`, `SpeedRun`, `UnitClass`, `Rank`, `HealthMultiplier`, `PowerMultiplier`, `DamageMultiplier`, `DamageVariance`, `ArmorMultiplier`, `ExperienceMultiplier`, `MinLevelHealth`, `MaxLevelHealth`, `MinLevelMana`, `MaxLevelMana`, `MinMeleeDmg`, `MaxMeleeDmg`, `MinRangedDmg`, `MaxRangedDmg`, `Armor`, `MeleeAttackPower`, `RangedAttackPower`, `MeleeBaseAttackTime`, `RangedBaseAttackTime`, `DamageSchool`, `MinLootGold`, `MaxLootGold`, `LootId`, `PickpocketLootId`, `SkinningLootId`, `KillCredit1`, `KillCredit2`, `MechanicImmuneMask`, `SchoolImmuneMask`, `ResistanceHoly`, `ResistanceFire`, `ResistanceNature`, `ResistanceFrost`, `ResistanceShadow`, `ResistanceArcane`, `PetSpellDataId`, `MovementType`, `TrainerType`, `TrainerSpell`, `TrainerClass`, `TrainerRace`, `TrainerTemplateId`, `VendorTemplateId`, `GossipMenuId`, `EquipmentTemplateId`, `Civilian`, `AIName`, `ScriptName`) VALUES (13448, 'Sergeant Yazra Bloodsnarl', NULL, 56, 57, 13402, 0, 0, 0, 1214, 1214, 0, 0, 7, 3, 3, 0, 2, 32768, 0, 0, 0, 1, 1.33, 1, 0, 1, 1, 1, 1, -1, 1, 5358, 5564, 0, 0, 161, 193, 71.9664, 98.9538, 3380, 82, 100, 1410, 1551, 0, 1, 752, 13448, 0, 0, 0, 0, 1, 0, 0, 0, 0, 0, 0, 0, 0, 1, 0, 0, 0, 0, 0, 0, 0, 13448, 0, 'EventAI', 'npc_assault_order');
DELETE FROM `creature_template` WHERE `Entry`=13447;
INSERT INTO `creature_template` (`Entry`, `Name`, `SubName`, `MinLevel`, `MaxLevel`, `ModelId1`, `ModelId2`, `ModelId3`, `ModelId4`, `FactionAlliance`, `FactionHorde`, `Scale`, `Family`, `CreatureType`, `InhabitType`, `RegenerateStats`, `RacialLeader`, `NpcFlags`, `UnitFlags`, `DynamicFlags`, `ExtraFlags`, `CreatureTypeFlags`, `SpeedWalk`, `SpeedRun`, `UnitClass`, `Rank`, `HealthMultiplier`, `PowerMultiplier`, `DamageMultiplier`, `DamageVariance`, `ArmorMultiplier`, `ExperienceMultiplier`, `MinLevelHealth`, `MaxLevelHealth`, `MinLevelMana`, `MaxLevelMana`, `MinMeleeDmg`, `MaxMeleeDmg`, `MinRangedDmg`, `MaxRangedDmg`, `Armor`, `MeleeAttackPower`, `RangedAttackPower`, `MeleeBaseAttackTime`, `RangedBaseAttackTime`, `DamageSchool`, `MinLootGold`, `MaxLootGold`, `LootId`, `PickpocketLootId`, `SkinningLootId`, `KillCredit1`, `KillCredit2`, `MechanicImmuneMask`, `SchoolImmuneMask`, `ResistanceHoly`, `ResistanceFire`, `ResistanceNature`, `ResistanceFrost`, `ResistanceShadow`, `ResistanceArcane`, `PetSpellDataId`, `MovementType`, `TrainerType`, `TrainerSpell`, `TrainerClass`, `TrainerRace`, `TrainerTemplateId`, `VendorTemplateId`, `GossipMenuId`, `EquipmentTemplateId`, `Civilian`, `AIName`, `ScriptName`) VALUES (13447, 'Corporal Noreg Stormpike', NULL, 58, 59, 13383, 0, 0, 0, 1216, 1216, 0, 0, 7, 3, 3, 0, 3, 32768, 0, 0, 0, 1, 1.33, 1, 1, 1, 1, 1, 1, -1, 1, 8474, 9776, 0, 0, 372, 479, 61.152, 84.084, 3489, 196, 100, 2000, 1274, 0, 1, 873, 13447, 0, 0, 0, 0, 1, 0, 0, 0, 0, 0, 0, 0, 0, 1, 0, 0, 0, 0, 0, 0, 5081, 13447, 0, 'EventAI', 'npc_assault_order');
DELETE FROM `creature_template` WHERE `Entry`=13446;
INSERT INTO `creature_template` (`Entry`, `Name`, `SubName`, `MinLevel`, `MaxLevel`, `ModelId1`, `ModelId2`, `ModelId3`, `ModelId4`, `FactionAlliance`, `FactionHorde`, `Scale`, `Family`, `CreatureType`, `InhabitType`, `RegenerateStats`, `RacialLeader`, `NpcFlags`, `UnitFlags`, `DynamicFlags`, `ExtraFlags`, `CreatureTypeFlags`, `SpeedWalk`, `SpeedRun`, `UnitClass`, `Rank`, `HealthMultiplier`, `PowerMultiplier`, `DamageMultiplier`, `DamageVariance`, `ArmorMultiplier`, `ExperienceMultiplier`, `MinLevelHealth`, `MaxLevelHealth`, `MinLevelMana`, `MaxLevelMana`, `MinMeleeDmg`, `MaxMeleeDmg`, `MinRangedDmg`, `MaxRangedDmg`, `Armor`, `MeleeAttackPower`, `RangedAttackPower`, `MeleeBaseAttackTime`, `RangedBaseAttackTime`, `DamageSchool`, `MinLootGold`, `MaxLootGold`, `LootId`, `PickpocketLootId`, `SkinningLootId`, `KillCredit1`, `KillCredit2`, `MechanicImmuneMask`, `SchoolImmuneMask`, `ResistanceHoly`, `ResistanceFire`, `ResistanceNature`, `ResistanceFrost`, `ResistanceShadow`, `ResistanceArcane`, `PetSpellDataId`, `MovementType`, `TrainerType`, `TrainerSpell`, `TrainerClass`, `TrainerRace`, `TrainerTemplateId`, `VendorTemplateId`, `GossipMenuId`, `EquipmentTemplateId`, `Civilian`, `AIName`, `ScriptName`) VALUES (13446, 'Field Marshal Teravaine', NULL, 61, 61, 13662, 0, 0, 0, 1216, 1216, 0, 0, 7, 3, 3, 0, 2, 32768, 0, 0, 0, 1, 1.33, 1, 1, 1, 1, 1, 1, -1, 1, 1800, 1800, 0, 0, 585, 754, 62.248, 85.591, 4091, 309, 100, 1141, 1255, 0, 173, 864, 13446, 0, 0, 0, 0, 1, 0, 0, 0, 0, 0, 0, 0, 0, 0, 0, 0, 0, 0, 0, 0, 0, 13446, 0, '', 'npc_teravaine');
DELETE FROM `creature_template` WHERE `Entry`=12097;
INSERT INTO `creature_template` (`Entry`, `Name`, `SubName`, `MinLevel`, `MaxLevel`, `ModelId1`, `ModelId2`, `ModelId3`, `ModelId4`, `FactionAlliance`, `FactionHorde`, `Scale`, `Family`, `CreatureType`, `InhabitType`, `RegenerateStats`, `RacialLeader`, `NpcFlags`, `UnitFlags`, `DynamicFlags`, `ExtraFlags`, `CreatureTypeFlags`, `SpeedWalk`, `SpeedRun`, `UnitClass`, `Rank`, `HealthMultiplier`, `PowerMultiplier`, `DamageMultiplier`, `DamageVariance`, `ArmorMultiplier`, `ExperienceMultiplier`, `MinLevelHealth`, `MaxLevelHealth`, `MinLevelMana`, `MaxLevelMana`, `MinMeleeDmg`, `MaxMeleeDmg`, `MinRangedDmg`, `MaxRangedDmg`, `Armor`, `MeleeAttackPower`, `RangedAttackPower`, `MeleeBaseAttackTime`, `RangedBaseAttackTime`, `DamageSchool`, `MinLootGold`, `MaxLootGold`, `LootId`, `PickpocketLootId`, `SkinningLootId`, `KillCredit1`, `KillCredit2`, `MechanicImmuneMask`, `SchoolImmuneMask`, `ResistanceHoly`, `ResistanceFire`, `ResistanceNature`, `ResistanceFrost`, `ResistanceShadow`, `ResistanceArcane`, `PetSpellDataId`, `MovementType`, `TrainerType`, `TrainerSpell`, `TrainerClass`, `TrainerRace`, `TrainerTemplateId`, `VendorTemplateId`, `GossipMenuId`, `EquipmentTemplateId`, `Civilian`, `AIName`, `ScriptName`) VALUES (12097, 'Frostwolf Quartermaster', NULL, 55, 55, 13385, 0, 0, 0, 1214, 1214, 0, 0, 7, 3, 3, 0, 6, 32768, 0, 2, 0, 1, 1.33, 1, 0, 1, 1, 1, 1, -1, 1, 25762, 25762, 0, 0, 161, 193, 71.9664, 98.9538, 3271, 82, 100, 1410, 1551, 0, 1, 752, 0, 0, 0, 0, 0, 1, 0, 0, 0, 0, 0, 0, 0, 0, 0, 0, 0, 0, 0, 0, 0, 0, 12097, 0, '', 'npc_quartermaster');
DELETE FROM `creature_template` WHERE `Entry`=12096;
INSERT INTO `creature_template` (`Entry`, `Name`, `SubName`, `MinLevel`, `MaxLevel`, `ModelId1`, `ModelId2`, `ModelId3`, `ModelId4`, `FactionAlliance`, `FactionHorde`, `Scale`, `Family`, `CreatureType`, `InhabitType`, `RegenerateStats`, `RacialLeader`, `NpcFlags`, `UnitFlags`, `DynamicFlags`, `ExtraFlags`, `CreatureTypeFlags`, `SpeedWalk`, `SpeedRun`, `UnitClass`, `Rank`, `HealthMultiplier`, `PowerMultiplier`, `DamageMultiplier`, `DamageVariance`, `ArmorMultiplier`, `ExperienceMultiplier`, `MinLevelHealth`, `MaxLevelHealth`, `MinLevelMana`, `MaxLevelMana`, `MinMeleeDmg`, `MaxMeleeDmg`, `MinRangedDmg`, `MaxRangedDmg`, `Armor`, `MeleeAttackPower`, `RangedAttackPower`, `MeleeBaseAttackTime`, `RangedBaseAttackTime`, `DamageSchool`, `MinLootGold`, `MaxLootGold`, `LootId`, `PickpocketLootId`, `SkinningLootId`, `KillCredit1`, `KillCredit2`, `MechanicImmuneMask`, `SchoolImmuneMask`, `ResistanceHoly`, `ResistanceFire`, `ResistanceNature`, `ResistanceFrost`, `ResistanceShadow`, `ResistanceArcane`, `PetSpellDataId`, `MovementType`, `TrainerType`, `TrainerSpell`, `TrainerClass`, `TrainerRace`, `TrainerTemplateId`, `VendorTemplateId`, `GossipMenuId`, `EquipmentTemplateId`, `Civilian`, `AIName`, `ScriptName`) VALUES (12096, 'Stormpike Quartermaster', NULL, 55, 55, 13384, 0, 0, 0, 1216, 1216, 0, 0, 7, 3, 3, 0, 7, 32768, 0, 2, 0, 1, 1.33, 1, 0, 1, 1, 1, 1, -1, 1, 24978, 24978, 0, 0, 161, 193, 71.9664, 98.9538, 3271, 82, 100, 1410, 1551, 0, 1, 752, 0, 0, 0, 0, 0, 1, 0, 0, 0, 0, 0, 0, 0, 0, 0, 0, 0, 0, 0, 0, 0, 0, 12096, 0, '', 'npc_quartermaster');

DELETE FROM `gossip_texts` WHERE `entry`=-3052411;
INSERT INTO `gossip_texts` (`entry`, `content_default`, `content_loc1`, `content_loc2`, `content_loc3`, `content_loc4`, `content_loc5`, `content_loc6`, `content_loc7`, `content_loc8`, `comment`) VALUES (-3052411, 'How many more supplies are needed to send ground assaults?', NULL, NULL, NULL, NULL, NULL, NULL, NULL, NULL, 'quartermaster GOSSIP_ITEM_SUPPLIES');
DELETE FROM `gossip_texts` WHERE `entry`=-3052412;
INSERT INTO `gossip_texts` (`entry`, `content_default`, `content_loc1`, `content_loc2`, `content_loc3`, `content_loc4`, `content_loc5`, `content_loc6`, `content_loc7`, `content_loc8`, `comment`) VALUES (-3052412, 'I want to browse your goods.', NULL, NULL, NULL, NULL, NULL, NULL, NULL, NULL, NULL);
DELETE FROM `gossip_texts` WHERE `entry`=-3052413;
INSERT INTO `gossip_texts` (`entry`, `content_default`, `content_loc1`, `content_loc2`, `content_loc3`, `content_loc4`, `content_loc5`, `content_loc6`, `content_loc7`, `content_loc8`, `comment`) VALUES (-3052413, 'I want to deliver the order.', NULL, NULL, NULL, NULL, NULL, NULL, NULL, NULL, NULL);

INSERT INTO `script_waypoint` (`entry`, `pointid`, `location_x`, `location_y`, `location_z`, `waittime`, `point_comment`) VALUES (13449, 85, 721.565, -10.7711, 50.6214, 0, '');
INSERT INTO `script_waypoint` (`entry`, `pointid`, `location_x`, `location_y`, `location_z`, `waittime`, `point_comment`) VALUES (13449, 84, 714.314, -21.6847, 50.1354, 0, '');
INSERT INTO `script_waypoint` (`entry`, `pointid`, `location_x`, `location_y`, `location_z`, `waittime`, `point_comment`) VALUES (13449, 83, 707.461, -36.3446, 50.6198, 0, '');
INSERT INTO `script_waypoint` (`entry`, `pointid`, `location_x`, `location_y`, `location_z`, `waittime`, `point_comment`) VALUES (13449, 82, 699.549, -29.6912, 50.6198, 0, '');
INSERT INTO `script_waypoint` (`entry`, `pointid`, `location_x`, `location_y`, `location_z`, `waittime`, `point_comment`) VALUES (13449, 81, 690.963, -21.2515, 50.6198, 0, '');
INSERT INTO `script_waypoint` (`entry`, `pointid`, `location_x`, `location_y`, `location_z`, `waittime`, `point_comment`) VALUES (13449, 80, 668.985, -27.6684, 50.6198, 0, '');
INSERT INTO `script_waypoint` (`entry`, `pointid`, `location_x`, `location_y`, `location_z`, `waittime`, `point_comment`) VALUES (13449, 79, 658.522, -32.3926, 49.4283, 0, '');
INSERT INTO `script_waypoint` (`entry`, `pointid`, `location_x`, `location_y`, `location_z`, `waittime`, `point_comment`) VALUES (13449, 78, 643.467, -40.027, 45.7457, 0, '');
INSERT INTO `script_waypoint` (`entry`, `pointid`, `location_x`, `location_y`, `location_z`, `waittime`, `point_comment`) VALUES (13449, 77, 633.284, -48.2773, 42.6886, 0, '');
INSERT INTO `script_waypoint` (`entry`, `pointid`, `location_x`, `location_y`, `location_z`, `waittime`, `point_comment`) VALUES (13449, 76, 631.99, -63.9028, 41.3538, 0, '');
INSERT INTO `script_waypoint` (`entry`, `pointid`, `location_x`, `location_y`, `location_z`, `waittime`, `point_comment`) VALUES (13449, 75, 632.068, -79.7412, 41.4091, 0, '');
INSERT INTO `script_waypoint` (`entry`, `pointid`, `location_x`, `location_y`, `location_z`, `waittime`, `point_comment`) VALUES (13449, 74, 630.383, -93.8861, 41.2519, 0, '');
INSERT INTO `script_waypoint` (`entry`, `pointid`, `location_x`, `location_y`, `location_z`, `waittime`, `point_comment`) VALUES (13449, 73, 627.347, -108.82, 38.6259, 0, '');
INSERT INTO `script_waypoint` (`entry`, `pointid`, `location_x`, `location_y`, `location_z`, `waittime`, `point_comment`) VALUES (13449, 72, 622.959, -122.886, 34.853, 0, '');
INSERT INTO `script_waypoint` (`entry`, `pointid`, `location_x`, `location_y`, `location_z`, `waittime`, `point_comment`) VALUES (13449, 71, 616.66, -144.879, 33.3908, 0, '');
INSERT INTO `script_waypoint` (`entry`, `pointid`, `location_x`, `location_y`, `location_z`, `waittime`, `point_comment`) VALUES (13449, 70, 619.251, -168.156, 36.3325, 0, '');
INSERT INTO `script_waypoint` (`entry`, `pointid`, `location_x`, `location_y`, `location_z`, `waittime`, `point_comment`) VALUES (13449, 69, 621.88, -185.457, 38.3431, 0, '');
INSERT INTO `script_waypoint` (`entry`, `pointid`, `location_x`, `location_y`, `location_z`, `waittime`, `point_comment`) VALUES (13449, 68, 624.346, -201.686, 39.074, 0, '');
INSERT INTO `script_waypoint` (`entry`, `pointid`, `location_x`, `location_y`, `location_z`, `waittime`, `point_comment`) VALUES (13449, 67, 628.7, -230.337, 37.667, 0, '');
INSERT INTO `script_waypoint` (`entry`, `pointid`, `location_x`, `location_y`, `location_z`, `waittime`, `point_comment`) VALUES (13449, 66, 630.183, -240.095, 36.4414, 0, '');
INSERT INTO `script_waypoint` (`entry`, `pointid`, `location_x`, `location_y`, `location_z`, `waittime`, `point_comment`) VALUES (13449, 65, 633.632, -262.795, 32.01, 0, '');
INSERT INTO `script_waypoint` (`entry`, `pointid`, `location_x`, `location_y`, `location_z`, `waittime`, `point_comment`) VALUES (13449, 64, 636.34, -280.615, 30.1515, 0, '');
INSERT INTO `script_waypoint` (`entry`, `pointid`, `location_x`, `location_y`, `location_z`, `waittime`, `point_comment`) VALUES (13449, 63, 635.324, -295.893, 30.1336, 0, '');
INSERT INTO `script_waypoint` (`entry`, `pointid`, `location_x`, `location_y`, `location_z`, `waittime`, `point_comment`) VALUES (13449, 62, 630.612, -311.031, 30.1337, 0, '');
INSERT INTO `script_waypoint` (`entry`, `pointid`, `location_x`, `location_y`, `location_z`, `waittime`, `point_comment`) VALUES (13449, 61, 622.024, -325.02, 30.1337, 0, '');
INSERT INTO `script_waypoint` (`entry`, `pointid`, `location_x`, `location_y`, `location_z`, `waittime`, `point_comment`) VALUES (13449, 60, 608.312, -336.598, 30.2768, 0, '');
INSERT INTO `script_waypoint` (`entry`, `pointid`, `location_x`, `location_y`, `location_z`, `waittime`, `point_comment`) VALUES (13449, 59, 588.426, -335.691, 30.1324, 0, '');
INSERT INTO `script_waypoint` (`entry`, `pointid`, `location_x`, `location_y`, `location_z`, `waittime`, `point_comment`) VALUES (13449, 58, 573.86, -329.429, 25.4303, 0, '');
INSERT INTO `script_waypoint` (`entry`, `pointid`, `location_x`, `location_y`, `location_z`, `waittime`, `point_comment`) VALUES (13449, 57, 561.683, -324.588, 18.0581, 0, '');
INSERT INTO `script_waypoint` (`entry`, `pointid`, `location_x`, `location_y`, `location_z`, `waittime`, `point_comment`) VALUES (13449, 56, 549.332, -322.282, 10.4481, 0, '');
INSERT INTO `script_waypoint` (`entry`, `pointid`, `location_x`, `location_y`, `location_z`, `waittime`, `point_comment`) VALUES (13449, 55, 536.261, -323.033, 3.63492, 0, '');
INSERT INTO `script_waypoint` (`entry`, `pointid`, `location_x`, `location_y`, `location_z`, `waittime`, `point_comment`) VALUES (13449, 54, 522.385, -325.388, -0.492134, 0, '');
INSERT INTO `script_waypoint` (`entry`, `pointid`, `location_x`, `location_y`, `location_z`, `waittime`, `point_comment`) VALUES (13449, 53, 501.616, -336.286, -1.08511, 0, '');
INSERT INTO `script_waypoint` (`entry`, `pointid`, `location_x`, `location_y`, `location_z`, `waittime`, `point_comment`) VALUES (13449, 52, 487.232, -347.927, -1.24381, 0, '');
INSERT INTO `script_waypoint` (`entry`, `pointid`, `location_x`, `location_y`, `location_z`, `waittime`, `point_comment`) VALUES (13449, 51, 466.198, -363.465, -1.24381, 0, '');
INSERT INTO `script_waypoint` (`entry`, `pointid`, `location_x`, `location_y`, `location_z`, `waittime`, `point_comment`) VALUES (13449, 50, 448.021, -373.209, -1.24383, 0, '');
INSERT INTO `script_waypoint` (`entry`, `pointid`, `location_x`, `location_y`, `location_z`, `waittime`, `point_comment`) VALUES (13449, 49, 428.508, -378.547, -1.24383, 0, '');
INSERT INTO `script_waypoint` (`entry`, `pointid`, `location_x`, `location_y`, `location_z`, `waittime`, `point_comment`) VALUES (13449, 48, 410.548, -383.46, -1.24383, 0, '');
INSERT INTO `script_waypoint` (`entry`, `pointid`, `location_x`, `location_y`, `location_z`, `waittime`, `point_comment`) VALUES (13449, 47, 384.303, -390.111, -1.0906, 0, '');
INSERT INTO `script_waypoint` (`entry`, `pointid`, `location_x`, `location_y`, `location_z`, `waittime`, `point_comment`) VALUES (13449, 46, 364.17, -390.719, -0.19212, 0, '');
INSERT INTO `script_waypoint` (`entry`, `pointid`, `location_x`, `location_y`, `location_z`, `waittime`, `point_comment`) VALUES (13449, 45, 343.153, -386.966, -0.398391, 0, '');
INSERT INTO `script_waypoint` (`entry`, `pointid`, `location_x`, `location_y`, `location_z`, `waittime`, `point_comment`) VALUES (13449, 44, 328.084, -384.275, -0.757324, 0, '');
INSERT INTO `script_waypoint` (`entry`, `pointid`, `location_x`, `location_y`, `location_z`, `waittime`, `point_comment`) VALUES (13449, 43, 302.58, -381.708, 0.74707, 0, '');
INSERT INTO `script_waypoint` (`entry`, `pointid`, `location_x`, `location_y`, `location_z`, `waittime`, `point_comment`) VALUES (13449, 42, 292.017, -384.349, 3.83659, 0, '');
INSERT INTO `script_waypoint` (`entry`, `pointid`, `location_x`, `location_y`, `location_z`, `waittime`, `point_comment`) VALUES (13449, 41, 281.715, -389.416, 7.96912, 0, '');
INSERT INTO `script_waypoint` (`entry`, `pointid`, `location_x`, `location_y`, `location_z`, `waittime`, `point_comment`) VALUES (13449, 40, 269.486, -400.215, 18.2984, 0, '');
INSERT INTO `script_waypoint` (`entry`, `pointid`, `location_x`, `location_y`, `location_z`, `waittime`, `point_comment`) VALUES (13449, 39, 259.15, -407.359, 27.0628, 0, '');
INSERT INTO `script_waypoint` (`entry`, `pointid`, `location_x`, `location_y`, `location_z`, `waittime`, `point_comment`) VALUES (13449, 38, 247.797, -413.746, 34.1318, 0, '');
INSERT INTO `script_waypoint` (`entry`, `pointid`, `location_x`, `location_y`, `location_z`, `waittime`, `point_comment`) VALUES (13449, 37, 230.713, -416.358, 38.7043, 0, '');
INSERT INTO `script_waypoint` (`entry`, `pointid`, `location_x`, `location_y`, `location_z`, `waittime`, `point_comment`) VALUES (13449, 36, 208.431, -411.413, 42.0474, 0, '');
INSERT INTO `script_waypoint` (`entry`, `pointid`, `location_x`, `location_y`, `location_z`, `waittime`, `point_comment`) VALUES (13449, 35, 185.33, -404.741, 42.7395, 0, '');
INSERT INTO `script_waypoint` (`entry`, `pointid`, `location_x`, `location_y`, `location_z`, `waittime`, `point_comment`) VALUES (13449, 34, 159.61, -398.036, 42.7694, 0, '');
INSERT INTO `script_waypoint` (`entry`, `pointid`, `location_x`, `location_y`, `location_z`, `waittime`, `point_comment`) VALUES (13449, 33, 142.436, -389.806, 42.4703, 0, '');
INSERT INTO `script_waypoint` (`entry`, `pointid`, `location_x`, `location_y`, `location_z`, `waittime`, `point_comment`) VALUES (13449, 32, 126.183, -375.291, 42.8046, 0, '');
INSERT INTO `script_waypoint` (`entry`, `pointid`, `location_x`, `location_y`, `location_z`, `waittime`, `point_comment`) VALUES (13449, 31, 112.218, -382.797, 44.4935, 0, '');
INSERT INTO `script_waypoint` (`entry`, `pointid`, `location_x`, `location_y`, `location_z`, `waittime`, `point_comment`) VALUES (13449, 30, 93.6345, -390.269, 45.0857, 0, '');
INSERT INTO `script_waypoint` (`entry`, `pointid`, `location_x`, `location_y`, `location_z`, `waittime`, `point_comment`) VALUES (13449, 29, 73.5572, -391.814, 45.134, 0, '');
INSERT INTO `script_waypoint` (`entry`, `pointid`, `location_x`, `location_y`, `location_z`, `waittime`, `point_comment`) VALUES (13449, 28, 41.6557, -391.967, 45.7431, 0, '');
INSERT INTO `script_waypoint` (`entry`, `pointid`, `location_x`, `location_y`, `location_z`, `waittime`, `point_comment`) VALUES (13449, 27, 24.0603, -397.647, 45.6945, 0, '');
INSERT INTO `script_waypoint` (`entry`, `pointid`, `location_x`, `location_y`, `location_z`, `waittime`, `point_comment`) VALUES (13449, 26, 7.26858, -404.296, 45.2417, 0, '');
INSERT INTO `script_waypoint` (`entry`, `pointid`, `location_x`, `location_y`, `location_z`, `waittime`, `point_comment`) VALUES (13449, 25, -11.2137, -414.519, 44.6782, 0, '');
INSERT INTO `script_waypoint` (`entry`, `pointid`, `location_x`, `location_y`, `location_z`, `waittime`, `point_comment`) VALUES (13449, 24, -27.0172, -415.07, 37.564, 0, '');
INSERT INTO `script_waypoint` (`entry`, `pointid`, `location_x`, `location_y`, `location_z`, `waittime`, `point_comment`) VALUES (13449, 23, -36.4258, -408.539, 30.1102, 0, '');
INSERT INTO `script_waypoint` (`entry`, `pointid`, `location_x`, `location_y`, `location_z`, `waittime`, `point_comment`) VALUES (13449, 22, -41.6773, -396.604, 21.6645, 0, '');
INSERT INTO `script_waypoint` (`entry`, `pointid`, `location_x`, `location_y`, `location_z`, `waittime`, `point_comment`) VALUES (13449, 21, -49.3187, -377.937, 14.0139, 0, '');
INSERT INTO `script_waypoint` (`entry`, `pointid`, `location_x`, `location_y`, `location_z`, `waittime`, `point_comment`) VALUES (13449, 20, -55.5507, -361.004, 12.2788, 0, '');
INSERT INTO `script_waypoint` (`entry`, `pointid`, `location_x`, `location_y`, `location_z`, `waittime`, `point_comment`) VALUES (13449, 19, -61.0267, -346.124, 12.4274, 0, '');
INSERT INTO `script_waypoint` (`entry`, `pointid`, `location_x`, `location_y`, `location_z`, `waittime`, `point_comment`) VALUES (13449, 18, -68.17, -337.092, 12.4246, 0, '');
INSERT INTO `script_waypoint` (`entry`, `pointid`, `location_x`, `location_y`, `location_z`, `waittime`, `point_comment`) VALUES (13449, 17, -77.27, -327.715, 11.9562, 0, '');
INSERT INTO `script_waypoint` (`entry`, `pointid`, `location_x`, `location_y`, `location_z`, `waittime`, `point_comment`) VALUES (13449, 16, -92.9249, -315.748, 8.53843, 0, '');
INSERT INTO `script_waypoint` (`entry`, `pointid`, `location_x`, `location_y`, `location_z`, `waittime`, `point_comment`) VALUES (13449, 15, -110.436, -299.406, 9.4581, 0, '');
INSERT INTO `script_waypoint` (`entry`, `pointid`, `location_x`, `location_y`, `location_z`, `waittime`, `point_comment`) VALUES (13449, 14, -123.269, -288.429, 8.57127, 0, '');
INSERT INTO `script_waypoint` (`entry`, `pointid`, `location_x`, `location_y`, `location_z`, `waittime`, `point_comment`) VALUES (13449, 13, -134.846, -285.996, 7.21523, 0, '');
INSERT INTO `script_waypoint` (`entry`, `pointid`, `location_x`, `location_y`, `location_z`, `waittime`, `point_comment`) VALUES (13449, 12, -151.612, -288.422, 9.80641, 0, '');
INSERT INTO `script_waypoint` (`entry`, `pointid`, `location_x`, `location_y`, `location_z`, `waittime`, `point_comment`) VALUES (13449, 11, -161.345, -289.831, 10.0822, 0, '');
INSERT INTO `script_waypoint` (`entry`, `pointid`, `location_x`, `location_y`, `location_z`, `waittime`, `point_comment`) VALUES (13449, 10, -178.111, -292.257, 6.80367, 0, '');
INSERT INTO `script_waypoint` (`entry`, `pointid`, `location_x`, `location_y`, `location_z`, `waittime`, `point_comment`) VALUES (13449, 9, -201.606, -299.552, 6.66754, 0, '');
INSERT INTO `script_waypoint` (`entry`, `pointid`, `location_x`, `location_y`, `location_z`, `waittime`, `point_comment`) VALUES (13449, 8, -216.964, -303.041, 6.66754, 0, '');
INSERT INTO `script_waypoint` (`entry`, `pointid`, `location_x`, `location_y`, `location_z`, `waittime`, `point_comment`) VALUES (13449, 7, -237.041, -300.78, 6.66754, 0, '');
INSERT INTO `script_waypoint` (`entry`, `pointid`, `location_x`, `location_y`, `location_z`, `waittime`, `point_comment`) VALUES (13449, 6, -257.551, -295.003, 6.6993, 0, '');
INSERT INTO `script_waypoint` (`entry`, `pointid`, `location_x`, `location_y`, `location_z`, `waittime`, `point_comment`) VALUES (13449, 5, -275.94, -289.676, 6.80377, 0, '');
INSERT INTO `script_waypoint` (`entry`, `pointid`, `location_x`, `location_y`, `location_z`, `waittime`, `point_comment`) VALUES (13449, 4, -297.397, -280.061, 6.66754, 0, '');
INSERT INTO `script_waypoint` (`entry`, `pointid`, `location_x`, `location_y`, `location_z`, `waittime`, `point_comment`) VALUES (13449, 3, -319.072, -269.618, 6.66754, 0, '');
INSERT INTO `script_waypoint` (`entry`, `pointid`, `location_x`, `location_y`, `location_z`, `waittime`, `point_comment`) VALUES (13449, 2, -333.902, -256.911, 11.4549, 0, '');
INSERT INTO `script_waypoint` (`entry`, `pointid`, `location_x`, `location_y`, `location_z`, `waittime`, `point_comment`) VALUES (13449, 1, -343.482, -246.416, 12.6986, 0, '');
INSERT INTO `script_waypoint` (`entry`, `pointid`, `location_x`, `location_y`, `location_z`, `waittime`, `point_comment`) VALUES (13446, 77, -1369.09, -225.701, 98.4258, 0, '');
INSERT INTO `script_waypoint` (`entry`, `pointid`, `location_x`, `location_y`, `location_z`, `waittime`, `point_comment`) VALUES (13446, 76, -1348.1, -229.34, 99.37, 0, '');
INSERT INTO `script_waypoint` (`entry`, `pointid`, `location_x`, `location_y`, `location_z`, `waittime`, `point_comment`) VALUES (13446, 75, -1353.15, -241.697, 99.3703, 0, '');
INSERT INTO `script_waypoint` (`entry`, `pointid`, `location_x`, `location_y`, `location_z`, `waittime`, `point_comment`) VALUES (13446, 74, -1360.28, -251.083, 99.3716, 0, '');
INSERT INTO `script_waypoint` (`entry`, `pointid`, `location_x`, `location_y`, `location_z`, `waittime`, `point_comment`) VALUES (13446, 73, -1355.13, -266.042, 98.7464, 0, '');
INSERT INTO `script_waypoint` (`entry`, `pointid`, `location_x`, `location_y`, `location_z`, `waittime`, `point_comment`) VALUES (13446, 72, -1352.28, -274.316, 96.3668, 0, '');
INSERT INTO `script_waypoint` (`entry`, `pointid`, `location_x`, `location_y`, `location_z`, `waittime`, `point_comment`) VALUES (13446, 71, -1348.73, -284.641, 91.3223, 0, '');
INSERT INTO `script_waypoint` (`entry`, `pointid`, `location_x`, `location_y`, `location_z`, `waittime`, `point_comment`) VALUES (13446, 70, -1342.77, -290.933, 90.9253, 0, '');
INSERT INTO `script_waypoint` (`entry`, `pointid`, `location_x`, `location_y`, `location_z`, `waittime`, `point_comment`) VALUES (13446, 69, -1322.73, -289.672, 90.6388, 0, '');
INSERT INTO `script_waypoint` (`entry`, `pointid`, `location_x`, `location_y`, `location_z`, `waittime`, `point_comment`) VALUES (13446, 68, -1304.15, -289.73, 90.7261, 0, '');
INSERT INTO `script_waypoint` (`entry`, `pointid`, `location_x`, `location_y`, `location_z`, `waittime`, `point_comment`) VALUES (13446, 67, -1288.86, -289.62, 89.795, 0, '');
INSERT INTO `script_waypoint` (`entry`, `pointid`, `location_x`, `location_y`, `location_z`, `waittime`, `point_comment`) VALUES (13446, 66, -1276.42, -288.978, 85.7455, 0, '');
INSERT INTO `script_waypoint` (`entry`, `pointid`, `location_x`, `location_y`, `location_z`, `waittime`, `point_comment`) VALUES (13446, 65, -1270.47, -285.097, 80.7505, 0, '');
INSERT INTO `script_waypoint` (`entry`, `pointid`, `location_x`, `location_y`, `location_z`, `waittime`, `point_comment`) VALUES (13446, 64, -1263.53, -278.217, 74.0924, 0, '');
INSERT INTO `script_waypoint` (`entry`, `pointid`, `location_x`, `location_y`, `location_z`, `waittime`, `point_comment`) VALUES (13446, 63, -1245.73, -256.738, 73.3264, 0, '');
INSERT INTO `script_waypoint` (`entry`, `pointid`, `location_x`, `location_y`, `location_z`, `waittime`, `point_comment`) VALUES (13446, 62, -1237.45, -250.5, 73.3264, 0, '');
INSERT INTO `script_waypoint` (`entry`, `pointid`, `location_x`, `location_y`, `location_z`, `waittime`, `point_comment`) VALUES (13446, 61, -1223.84, -251.927, 73.3704, 0, '');
INSERT INTO `script_waypoint` (`entry`, `pointid`, `location_x`, `location_y`, `location_z`, `waittime`, `point_comment`) VALUES (13446, 60, -1206.44, -253.751, 72.5825, 0, '');
INSERT INTO `script_waypoint` (`entry`, `pointid`, `location_x`, `location_y`, `location_z`, `waittime`, `point_comment`) VALUES (13446, 59, -1198.04, -267.848, 72.3697, 0, '');
INSERT INTO `script_waypoint` (`entry`, `pointid`, `location_x`, `location_y`, `location_z`, `waittime`, `point_comment`) VALUES (13446, 58, -1202.41, -282.171, 72.0426, 0, '');
INSERT INTO `script_waypoint` (`entry`, `pointid`, `location_x`, `location_y`, `location_z`, `waittime`, `point_comment`) VALUES (13446, 57, -1214.88, -296.596, 70.2087, 0, '');
INSERT INTO `script_waypoint` (`entry`, `pointid`, `location_x`, `location_y`, `location_z`, `waittime`, `point_comment`) VALUES (13446, 56, -1226.78, -308.658, 64.4246, 0, '');
INSERT INTO `script_waypoint` (`entry`, `pointid`, `location_x`, `location_y`, `location_z`, `waittime`, `point_comment`) VALUES (13446, 55, -1243.78, -329.874, 59.9155, 0, '');
INSERT INTO `script_waypoint` (`entry`, `pointid`, `location_x`, `location_y`, `location_z`, `waittime`, `point_comment`) VALUES (13446, 54, -1248.86, -348.637, 59.4741, 0, '');
INSERT INTO `script_waypoint` (`entry`, `pointid`, `location_x`, `location_y`, `location_z`, `waittime`, `point_comment`) VALUES (13446, 53, -1240.48, -362.71, 59.6765, 0, '');
INSERT INTO `script_waypoint` (`entry`, `pointid`, `location_x`, `location_y`, `location_z`, `waittime`, `point_comment`) VALUES (13446, 52, -1226.48, -366.845, 58.0488, 0, '');
INSERT INTO `script_waypoint` (`entry`, `pointid`, `location_x`, `location_y`, `location_z`, `waittime`, `point_comment`) VALUES (13446, 51, -1208.43, -367.367, 55.2587, 0, '');
INSERT INTO `script_waypoint` (`entry`, `pointid`, `location_x`, `location_y`, `location_z`, `waittime`, `point_comment`) VALUES (13446, 50, -1187.13, -362.336, 52.3473, 0, '');
INSERT INTO `script_waypoint` (`entry`, `pointid`, `location_x`, `location_y`, `location_z`, `waittime`, `point_comment`) VALUES (13446, 49, -1163.12, -353.462, 51.7664, 0, '');
INSERT INTO `script_waypoint` (`entry`, `pointid`, `location_x`, `location_y`, `location_z`, `waittime`, `point_comment`) VALUES (13446, 48, -1139.77, -352.54, 51.2707, 0, '');
INSERT INTO `script_waypoint` (`entry`, `pointid`, `location_x`, `location_y`, `location_z`, `waittime`, `point_comment`) VALUES (13446, 47, -1121.02, -357.425, 51.5012, 0, '');
INSERT INTO `script_waypoint` (`entry`, `pointid`, `location_x`, `location_y`, `location_z`, `waittime`, `point_comment`) VALUES (13446, 46, -1100.39, -366.238, 51.5012, 0, '');
INSERT INTO `script_waypoint` (`entry`, `pointid`, `location_x`, `location_y`, `location_z`, `waittime`, `point_comment`) VALUES (13446, 45, -1076.57, -364.506, 51.3902, 0, '');
INSERT INTO `script_waypoint` (`entry`, `pointid`, `location_x`, `location_y`, `location_z`, `waittime`, `point_comment`) VALUES (13446, 44, -1059.5, -364.813, 51.3991, 0, '');
INSERT INTO `script_waypoint` (`entry`, `pointid`, `location_x`, `location_y`, `location_z`, `waittime`, `point_comment`) VALUES (13446, 43, -1047.46, -379.63, 51.1709, 0, '');
INSERT INTO `script_waypoint` (`entry`, `pointid`, `location_x`, `location_y`, `location_z`, `waittime`, `point_comment`) VALUES (13446, 42, -1025.13, -391.591, 50.7779, 0, '');
INSERT INTO `script_waypoint` (`entry`, `pointid`, `location_x`, `location_y`, `location_z`, `waittime`, `point_comment`) VALUES (13446, 41, -998.606, -397.559, 50.2294, 0, '');
INSERT INTO `script_waypoint` (`entry`, `pointid`, `location_x`, `location_y`, `location_z`, `waittime`, `point_comment`) VALUES (13446, 40, -974.228, -396.6, 49.3696, 0, '');
INSERT INTO `script_waypoint` (`entry`, `pointid`, `location_x`, `location_y`, `location_z`, `waittime`, `point_comment`) VALUES (13446, 39, -922.781, -386.977, 49.4095, 0, '');
INSERT INTO `script_waypoint` (`entry`, `pointid`, `location_x`, `location_y`, `location_z`, `waittime`, `point_comment`) VALUES (13446, 38, -878.539, -386.553, 48.6141, 0, '');
INSERT INTO `script_waypoint` (`entry`, `pointid`, `location_x`, `location_y`, `location_z`, `waittime`, `point_comment`) VALUES (13446, 37, -851.165, -390.735, 50.1607, 0, '');
INSERT INTO `script_waypoint` (`entry`, `pointid`, `location_x`, `location_y`, `location_z`, `waittime`, `point_comment`) VALUES (13446, 36, -842.787, -398.371, 51.0891, 0, '');
INSERT INTO `script_waypoint` (`entry`, `pointid`, `location_x`, `location_y`, `location_z`, `waittime`, `point_comment`) VALUES (13446, 35, -829.073, -418.815, 52.4547, 0, '');
INSERT INTO `script_waypoint` (`entry`, `pointid`, `location_x`, `location_y`, `location_z`, `waittime`, `point_comment`) VALUES (13446, 34, -814.632, -446.455, 54.7682, 0, '');
INSERT INTO `script_waypoint` (`entry`, `pointid`, `location_x`, `location_y`, `location_z`, `waittime`, `point_comment`) VALUES (13446, 33, -802.787, -448.385, 55.5091, 0, '');
INSERT INTO `script_waypoint` (`entry`, `pointid`, `location_x`, `location_y`, `location_z`, `waittime`, `point_comment`) VALUES (13446, 32, -759.431, -430.227, 65.0416, 0, '');
INSERT INTO `script_waypoint` (`entry`, `pointid`, `location_x`, `location_y`, `location_z`, `waittime`, `point_comment`) VALUES (13446, 31, -738.996, -419.869, 67.378, 0, '');
INSERT INTO `script_waypoint` (`entry`, `pointid`, `location_x`, `location_y`, `location_z`, `waittime`, `point_comment`) VALUES (13446, 30, -722.938, -409.049, 67.6004, 0, '');
INSERT INTO `script_waypoint` (`entry`, `pointid`, `location_x`, `location_y`, `location_z`, `waittime`, `point_comment`) VALUES (13446, 29, -716.796, -385.415, 67.4678, 0, '');
INSERT INTO `script_waypoint` (`entry`, `pointid`, `location_x`, `location_y`, `location_z`, `waittime`, `point_comment`) VALUES (13446, 28, -711.109, -364.125, 66.8054, 0, '');
INSERT INTO `script_waypoint` (`entry`, `pointid`, `location_x`, `location_y`, `location_z`, `waittime`, `point_comment`) VALUES (13446, 27, -698.261, -365.896, 66.1027, 0, '');
INSERT INTO `script_waypoint` (`entry`, `pointid`, `location_x`, `location_y`, `location_z`, `waittime`, `point_comment`) VALUES (13446, 26, -670.347, -378.351, 65.2176, 0, '');
INSERT INTO `script_waypoint` (`entry`, `pointid`, `location_x`, `location_y`, `location_z`, `waittime`, `point_comment`) VALUES (13446, 25, -624.815, -395.498, 58.9531, 0, '');
INSERT INTO `script_waypoint` (`entry`, `pointid`, `location_x`, `location_y`, `location_z`, `waittime`, `point_comment`) VALUES (13446, 24, -621.204, -382.479, 58.0531, 0, '');
INSERT INTO `script_waypoint` (`entry`, `pointid`, `location_x`, `location_y`, `location_z`, `waittime`, `point_comment`) VALUES (13446, 23, -622.323, -361.745, 56.4849, 0, '');
INSERT INTO `script_waypoint` (`entry`, `pointid`, `location_x`, `location_y`, `location_z`, `waittime`, `point_comment`) VALUES (13446, 22, -611.564, -341.108, 54.5549, 0, '');
INSERT INTO `script_waypoint` (`entry`, `pointid`, `location_x`, `location_y`, `location_z`, `waittime`, `point_comment`) VALUES (13446, 21, -596.969, -322.179, 50.2798, 0, '');
INSERT INTO `script_waypoint` (`entry`, `pointid`, `location_x`, `location_y`, `location_z`, `waittime`, `point_comment`) VALUES (13446, 20, -576.683, -315.845, 45.4347, 0, '');
INSERT INTO `script_waypoint` (`entry`, `pointid`, `location_x`, `location_y`, `location_z`, `waittime`, `point_comment`) VALUES (13446, 19, -567.453, -320.527, 42.2388, 0, '');
INSERT INTO `script_waypoint` (`entry`, `pointid`, `location_x`, `location_y`, `location_z`, `waittime`, `point_comment`) VALUES (13446, 18, -543.78, -336.05, 37.5875, 0, '');
INSERT INTO `script_waypoint` (`entry`, `pointid`, `location_x`, `location_y`, `location_z`, `waittime`, `point_comment`) VALUES (13446, 17, -524.303, -340.376, 34.6418, 0, '');
INSERT INTO `script_waypoint` (`entry`, `pointid`, `location_x`, `location_y`, `location_z`, `waittime`, `point_comment`) VALUES (13446, 16, -513.591, -325.539, 33.1521, 0, '');
INSERT INTO `script_waypoint` (`entry`, `pointid`, `location_x`, `location_y`, `location_z`, `waittime`, `point_comment`) VALUES (13446, 15, -496.969, -294.911, 30.8215, 0, '');
INSERT INTO `script_waypoint` (`entry`, `pointid`, `location_x`, `location_y`, `location_z`, `waittime`, `point_comment`) VALUES (13446, 14, -489.034, -286.862, 28.7928, 0, '');
INSERT INTO `script_waypoint` (`entry`, `pointid`, `location_x`, `location_y`, `location_z`, `waittime`, `point_comment`) VALUES (13446, 13, -472.741, -280.859, 24.6541, 0, '');
INSERT INTO `script_waypoint` (`entry`, `pointid`, `location_x`, `location_y`, `location_z`, `waittime`, `point_comment`) VALUES (13446, 12, -449.347, -278.425, 21.252, 0, '');
INSERT INTO `script_waypoint` (`entry`, `pointid`, `location_x`, `location_y`, `location_z`, `waittime`, `point_comment`) VALUES (13446, 11, -424.839, -275.876, 19.9922, 0, '');
INSERT INTO `script_waypoint` (`entry`, `pointid`, `location_x`, `location_y`, `location_z`, `waittime`, `point_comment`) VALUES (13446, 10, -398.358, -278.326, 13.4967, 0, '');
INSERT INTO `script_waypoint` (`entry`, `pointid`, `location_x`, `location_y`, `location_z`, `waittime`, `point_comment`) VALUES (13446, 9, -368.002, -285.387, 11.5112, 0, '');
INSERT INTO `script_waypoint` (`entry`, `pointid`, `location_x`, `location_y`, `location_z`, `waittime`, `point_comment`) VALUES (13446, 8, -339.097, -293.564, 7.24923, 0, '');
INSERT INTO `script_waypoint` (`entry`, `pointid`, `location_x`, `location_y`, `location_z`, `waittime`, `point_comment`) VALUES (13446, 7, -298.406, -301.829, 6.66761, 0, '');
INSERT INTO `script_waypoint` (`entry`, `pointid`, `location_x`, `location_y`, `location_z`, `waittime`, `point_comment`) VALUES (13446, 6, -269.76, -308.897, 6.67767, 0, '');
INSERT INTO `script_waypoint` (`entry`, `pointid`, `location_x`, `location_y`, `location_z`, `waittime`, `point_comment`) VALUES (13446, 5, -235.754, -319.269, 6.67402, 0, '');
INSERT INTO `script_waypoint` (`entry`, `pointid`, `location_x`, `location_y`, `location_z`, `waittime`, `point_comment`) VALUES (13446, 4, -209.447, -326.823, 8.36438, 0, '');
INSERT INTO `script_waypoint` (`entry`, `pointid`, `location_x`, `location_y`, `location_z`, `waittime`, `point_comment`) VALUES (13446, 3, -183.926, -339.295, 9.27632, 0, '');
INSERT INTO `script_waypoint` (`entry`, `pointid`, `location_x`, `location_y`, `location_z`, `waittime`, `point_comment`) VALUES (13446, 2, -162.997, -351.179, 10.5572, 0, '');
INSERT INTO `script_waypoint` (`entry`, `pointid`, `location_x`, `location_y`, `location_z`, `waittime`, `point_comment`) VALUES (13446, 1, -149.369, -359.283, 10.1075, 0, '');

INSERT INTO `script_texts` (`entry`, `content_default`, `content_loc1`, `content_loc2`, `content_loc3`, `content_loc4`, `content_loc5`, `content_loc6`, `content_loc7`, `content_loc8`, `sound`, `type`, `language`, `emote`, `comment`) VALUES (-1134491, 'Reavers, REGULATE!', NULL, NULL, NULL, NULL, NULL, NULL, NULL, NULL, 0, 1, 0, 5, 'Garrick SAY_GARRICK_START');
INSERT INTO `script_texts` (`entry`, `content_default`, `content_loc1`, `content_loc2`, `content_loc3`, `content_loc4`, `content_loc5`, `content_loc6`, `content_loc7`, `content_loc8`, `sound`, `type`, `language`, `emote`, `comment`) VALUES (-1134461, 'Commandos, REGULATE!', NULL, NULL, NULL, NULL, NULL, NULL, NULL, NULL, 0, 1, 0, 5, 'Teravaine SAY_TERAVAINE_START');
